{"ISA":{"0":"ADD","1":"LB","2":"SLL","3":"JALR","4":"SW","5":"AUIPC","6":"OR","7":"LUI","8":"XOR","9":"SLT","10":"SRAI","11":"SH","12":"SLTIU","13":"BEQ","14":"XORI","15":"SRLI","16":"ADDI","17":"BNE","18":"SLTI","19":"AND"},"Generated Line":{"0":2624.0,"1":2628.0,"2":2624.0,"3":2624.0,"4":2504.0,"5":2624.0,"6":2624.0,"7":2624.0,"8":2624.0,"9":2624.0,"10":2624.0,"11":2504.0,"12":2624.0,"13":2496.0,"14":2624.0,"15":2624.0,"16":2624.0,"17":2496.0,"18":2624.0,"19":2624.0},"Reduced Workload(%)":{"0":12.7719639815,"1":12.8665850673,"2":12.7694778335,"3":12.8507762378,"4":12.3343677651,"5":12.9369422669,"6":12.7719639815,"7":12.9382180366,"8":12.7719639815,"9":12.7694778335,"10":12.8482593155,"11":12.3343677651,"12":12.8507762378,"13":12.2925387836,"14":12.8532941465,"15":12.8482593155,"16":12.8532941465,"17":12.2913281135,"18":12.8507762378,"19":12.7719639815},"generated reg":{"0":127.0,"1":127.0,"2":127.0,"3":127.0,"4":127.0,"5":127.0,"6":127.0,"7":127.0,"8":127.0,"9":127.0,"10":127.0,"11":127.0,"12":127.0,"13":127.0,"14":127.0,"15":127.0,"16":127.0,"17":127.0,"18":127.0,"19":127.0}}