{"ISA":{"0":"ADD","1":"LB","2":"SLL","3":"JALR","4":"SW","5":"AUIPC","6":"OR","7":"LUI","8":"XOR","9":"SLT","10":"SRAI","11":"SH","12":"SLTIU","13":"BEQ","14":"XORI","15":"SRLI","16":"ADDI","17":"BNE","18":"SLTI","19":"AND","20":"SRA","21":"BGE","22":"BGEU","23":"LH","24":"SLLI","25":"BLTU","26":"JAL","27":"LHU","28":"ANDI","29":"SUB","30":"SRL","31":"BLT","32":"SLTU","33":"LBU","34":"SB","35":"LW","36":"ORI"},"Generated Line":{"0":2624.0,"1":2628.0,"2":2624.0,"3":2624.0,"4":2504.0,"5":2624.0,"6":2624.0,"7":2624.0,"8":2624.0,"9":2624.0,"10":2624.0,"11":2504.0,"12":2624.0,"13":2496.0,"14":2624.0,"15":2624.0,"16":2624.0,"17":2496.0,"18":2624.0,"19":2624.0,"20":2624.0,"21":2496.0,"22":2496.0,"23":2628.0,"24":2624.0,"25":2496.0,"26":2624.0,"27":2628.0,"28":2624.0,"29":2624.0,"30":2624.0,"31":2496.0,"32":2624.0,"33":2628.0,"34":2504.0,"35":2628.0,"36":2624.0},"Reduced Workload(%)":{"0":12.7719639815,"1":12.8665850673,"2":12.7694778335,"3":12.8507762378,"4":12.3343677651,"5":12.9369422669,"6":12.7719639815,"7":12.9382180366,"8":12.7719639815,"9":12.7694778335,"10":12.8482593155,"11":12.3343677651,"12":12.8507762378,"13":12.2925387836,"14":12.8532941465,"15":12.8482593155,"16":12.8532941465,"17":12.2913281135,"18":12.8507762378,"19":12.7719639815,"20":12.7694778335,"21":12.2901176818,"22":12.2901176818,"23":12.8665850673,"24":12.8482593155,"25":12.2925387836,"26":12.9292929293,"27":12.8665850673,"28":12.8532941465,"29":12.7719639815,"30":12.7694778335,"31":12.2925387836,"32":12.7694778335,"33":12.8665850673,"34":12.3343677651,"35":12.8665850673,"36":12.8532941465},"generated reg":{"0":127.0,"1":127.0,"2":127.0,"3":127.0,"4":127.0,"5":127.0,"6":127.0,"7":127.0,"8":127.0,"9":127.0,"10":127.0,"11":127.0,"12":127.0,"13":127.0,"14":127.0,"15":127.0,"16":127.0,"17":127.0,"18":127.0,"19":127.0,"20":127.0,"21":127.0,"22":127.0,"23":127.0,"24":127.0,"25":127.0,"26":127.0,"27":127.0,"28":127.0,"29":127.0,"30":127.0,"31":127.0,"32":127.0,"33":127.0,"34":127.0,"35":127.0,"36":127.0}}